Date,AAPL,TSLA,AAPL_SMA_20,TSLA_SMA_20
2020-01-02,72.71605682373047,28.68400001525879,,
2020-01-03,72.00911712646484,29.534000396728516,,
2020-01-06,72.58290100097656,30.1026668548584,,
2020-01-07,72.24153900146484,31.270666122436523,,
2020-01-08,73.40364074707031,32.80933380126953,,
2020-01-09,74.96277618408203,32.089332580566406,,
2020-01-10,75.13225555419922,31.876667022705078,,
2020-01-13,76.73741149902344,34.990665435791016,,
2020-01-14,75.70121002197266,35.861331939697266,,
2020-01-15,75.37680053710938,34.56666564941406,,
2020-01-16,76.32100677490234,34.232666015625,,
2020-01-17,77.16595458984375,34.03333282470703,,
2020-01-21,76.64298248291016,36.47999954223633,,
2020-01-22,76.91657257080078,37.97066879272461,,
2020-01-23,77.28699493408203,38.14666748046875,,
2020-01-24,77.06426239013672,37.654666900634766,,
2020-01-27,74.79817199707031,37.201332092285156,,
2020-01-28,76.91415405273438,37.793331146240234,,
2020-01-29,78.52416229248047,38.732666015625,,
2020-01-30,78.41036224365234,42.72066879272461,75.54541664123535,34.837566471099855
2020-01-31,74.9337387084961,43.371334075927734,75.65630073547364,35.5719331741333
2020-02-03,74.72795104980469,52.0,75.79224243164063,36.69523315429687
2020-02-04,77.19499206542969,59.137332916259766,76.02284698486328,38.14696645736694
2020-02-05,77.824462890625,48.97999954223633,76.30199317932129,39.032433128356935
2020-02-06,78.73478698730469,49.930667877197266,76.56855049133301,39.88849983215332
2020-02-07,77.66455841064453,49.871334075927734,76.70363960266113,40.77759990692139
2020-02-10,78.03343963623047,51.41866683959961,76.8486988067627,41.754699897766116
2020-02-11,77.56263732910156,51.62533187866211,76.8899600982666,42.586433219909665
2020-02-12,79.4045639038086,51.15266799926758,77.0751277923584,43.351000022888186
2020-02-13,78.83914184570312,53.599998474121094,77.24824485778808,44.302666664123535
2020-02-14,78.85855865478516,53.33533477783203,77.37512245178223,45.25780010223389
2020-02-18,77.41462707519531,57.22666549682617,77.3875560760498,46.417466735839845
2020-02-19,78.53578186035156,61.16133117675781,77.48219604492188,47.65153331756592
2020-02-20,77.73007202148438,59.96066665649414,77.52287101745605,48.75103321075439
2020-02-21,75.97067260742188,60.06666564941406,77.45705490112304,49.84703311920166
2020-02-24,72.3620376586914,55.58599853515625,77.22194366455078,50.74359970092773
2020-02-25,69.91096496582031,53.32733154296875,76.97758331298829,51.549899673461915
2020-02-26,71.02000427246094,51.91999816894531,76.68287582397461,52.256233024597165
2020-02-27,66.37757110595703,45.266666412353516,76.07554626464844,52.582933044433595
2020-02-28,66.3387222290039,44.53266525268555,75.47196426391602,52.67353286743164
2020-03-02,72.5149154663086,49.574668884277344,75.35102310180665,52.98369960784912
2020-03-03,70.2118911743164,49.70066833496094,75.12522010803222,52.86873302459717
2020-03-04,73.4686508178711,49.96666717529297,74.9389030456543,52.41019973754883
2020-03-05,71.08554077148438,48.30266571044922,74.60195693969726,52.37633304595947
2020-03-06,70.14151000976562,46.89866638183594,74.17229309082032,52.22473297119141
2020-03-09,64.5938949584961,40.53333282470703,73.5187599182129,51.75783290863037
2020-03-10,69.24603271484375,43.02199935913086,73.07938957214355,51.337999534606936
2020-03-11,66.84107971191406,42.28200149536133,72.54331169128417,50.870833015441896
2020-03-12,60.24021530151367,37.369998931884766,71.58509426116943,50.18169956207275
2020-03-13,67.45748901367188,36.44133377075195,71.01601161956788,49.3237663269043
2020-03-16,58.77928924560547,29.67133331298828,70.01204814910889,48.14056625366211
2020-03-17,61.36381912231445,28.68000030517578,69.20950775146484,46.71323299407959
2020-03-18,59.86164093017578,24.08133316040039,68.27580070495605,44.85923309326172
2020-03-19,59.40297317504883,28.50933265686035,67.35944576263428,43.28666639328003
2020-03-20,55.63174057006836,28.50200080871582,66.34249916076661,41.70843315124512
2020-03-23,54.449893951416016,28.952667236328125,65.44689197540283,40.37676658630371
2020-03-24,59.912601470947266,33.66666793823242,64.94697380065918,39.39373340606689
2020-03-25,59.58256149291992,35.95000076293945,64.37510166168212,38.5952335357666
2020-03-26,62.71796798706055,35.21066665649414,64.1921215057373,38.092433547973634
2020-03-27,60.12129211425781,34.29066848754883,63.88125,37.5803337097168
2020-03-30,61.83704376220703,33.47533416748047,63.34735641479492,36.775366973876956
2020-03-31,61.71084213256836,34.93333435058594,62.92230396270752,36.037000274658205
2020-04-01,58.463809967041016,32.104000091552734,62.172061920166016,35.14386692047119
2020-04-02,59.439369201660156,30.29800033569336,61.58975334167481,34.2436336517334
2020-04-03,58.585140228271484,32.000667572021484,61.0119348526001,33.49873371124268
2020-04-06,63.69597625732422,34.41600036621094,60.9670389175415,33.19286708831787
2020-04-07,62.958213806152344,36.36333465576172,60.652647972106934,32.859933853149414
2020-04-08,64.5696029663086,36.589332580566406,60.53907413482666,32.57530040740967
2020-04-09,65.03556060791016,38.20000076293945,60.77884140014648,32.616800498962405
2020-04-13,66.31202697753906,43.39666748046875,60.72156829833985,32.96456718444824
2020-04-14,69.66101837158203,47.32600021362305,61.265654754638675,33.84730052947998
2020-04-15,69.02518463134766,48.65533447265625,61.64872303009033,34.846067237854
2020-04-16,69.57364654541016,49.680667877197266,62.134323310852054,36.12603397369385
2020-04-17,68.62962341308594,50.259334564208984,62.595655822753905,37.21353406906128
2020-04-20,67.20510864257812,49.75733184814453,63.1743242263794,38.27630062103272
2020-04-21,65.12777709960938,45.781333923339844,63.70821838378906,39.1177339553833
2020-04-22,67.00367736816406,48.807334899902344,64.06277217864991,39.8747673034668
2020-04-23,66.74401092529297,47.04199981689453,64.42084465026855,40.429367256164554
2020-04-24,68.67089080810547,48.34333419799805,64.7184907913208,41.08600063323975
2020-04-27,68.71942901611328,53.25,65.14839763641358,42.03396720886231
2020-04-28,67.60551452636719,51.27466583251953,65.43682117462158,42.923933792114255
2020-04-29,69.82603454589844,53.367332458496094,65.84258079528809,43.84563369750977
2020-04-30,71.29908752441406,52.12533187866211,66.48434467315674,44.846700286865236
2020-05-01,70.15122985839844,46.75466537475586,67.01993770599366,45.66953353881836
2020-05-04,71.14379119873047,50.74599838256836,67.6478702545166,46.6068000793457
2020-05-05,72.21156311035156,51.2140007019043,68.07364959716797,47.44670009613037
2020-05-06,72.95658874511719,52.172000885009766,68.57356834411621,48.23713340759277
2020-05-07,73.7113265991211,52.00266647338867,69.03065452575683,49.00780010223389
2020-05-08,75.46578979492188,54.62799835205078,69.55216598510742,49.829199981689456
2020-05-11,76.65326690673828,54.08599853515625,70.06922798156738,50.36366653442383
2020-05-12,75.77725982666016,53.96066665649414,70.37504005432129,50.695399856567384
2020-05-13,74.8623046875,52.73066711425781,70.66689605712891,50.89916648864746
2020-05-14,75.32220458984375,53.55533218383789,70.95432395935059,51.09289970397949
2020-05-15,74.87691497802734,53.27799987792969,71.26668853759766,51.243832969665526
2020-05-18,76.64109802246094,54.242000579833984,71.7384880065918,51.46806640625
2020-05-19,76.19822692871094,53.867332458496094,72.29201049804688,51.87236633300781
2020-05-20,77.68013000488281,54.37066650390625,72.82583312988281,52.15053291320801
2020-05-21,77.10100555419922,55.17333221435547,73.34368286132812,52.55709953308106
2020-05-22,77.5973892211914,54.45866775512695,73.79000778198242,52.8628662109375
2020-05-26,77.0718002319336,54.591331481933594,74.20762634277344,52.92993278503418
2020-05-27,77.4075927734375,54.68199920654297,74.69773025512696,53.10029945373535
2020-05-28,77.44168090820312,53.72066879272461,75.0785125732422,53.11796627044678
2020-05-29,77.3662338256836,55.66666793823242,75.38186988830566,53.295033073425294
2020-06-01,78.31768798828125,59.87333297729492,75.79019279479981,53.95096645355225
2020-06-02,78.68025970458984,58.770668029785156,76.16701622009278,54.352199935913085
2020-06-03,79.1133804321289,58.86399841308594,76.51210708618164,54.73469982147217
2020-06-04,78.4320297241211,57.62533187866211,76.78587913513184,55.00736637115479
2020-06-05,80.66586303710938,59.04399871826172,77.13360595703125,55.359432983398435
2020-06-08,81.14278411865234,63.327999114990234,77.41745567321777,55.79443302154541
2020-06-09,83.70511627197266,62.711334228515625,77.77004814147949,56.22569980621338
2020-06-10,85.85865783691406,68.336669921875,78.27411804199218,56.94449996948242
2020-06-11,81.73654174804688,64.85600280761719,78.61782989501953,57.55076675415039
2020-06-12,82.44221496582031,62.35200119018555,78.97383041381836,57.990600204467775
2020-06-15,83.46178436279297,66.05999755859375,79.40307388305663,58.629700088500975
2020-06-16,85.67371368408203,65.47533416748047,79.85470466613769,59.1913667678833
2020-06-17,85.55448913574219,66.11933135986328,80.32251777648926,59.80396671295166
2020-06-18,85.58854675292969,66.9306640625,80.7179386138916,60.431966590881345
2020-06-19,85.09944915771484,66.72666931152344,81.11786079406738,61.009633445739745
2020-06-22,87.32598114013672,66.28800201416016,81.60429039001465,61.60110015869141
2020-06-23,89.18992614746094,66.78533172607422,82.21019668579102,62.21080017089844
2020-06-24,87.61555480957031,64.0566635131836,82.72059478759766,62.67953338623047
2020-06-25,88.7786865234375,65.73200225830078,83.28744506835938,63.28010005950928
2020-06-26,86.0509033203125,63.982666015625,83.72167854309082,63.695899963378906
2020-06-29,88.03407287597656,67.29000091552734,84.20749778747559,64.06673336029053
2020-06-30,88.76895141601562,71.98733520507812,84.71193237304688,64.72756671905518
2020-07-01,88.60105895996094,74.64199829101562,85.18631629943847,65.51646671295165
2020-07-02,88.60105895996094,80.57733154296875,85.69476776123047,66.664066696167
2020-07-06,90.97113800048828,91.43866729736328,86.21003150939941,68.28380012512207
2020-07-07,90.68888092041016,92.65733337402344,86.68733634948731,69.75026683807373
2020-07-08,92.80104064941406,91.05867004394531,87.14213256835937,71.16763362884521
2020-07-09,93.2000961303711,92.9520034790039,87.50920448303222,72.39840030670166
2020-07-10,93.36312866210938,102.97666931152344,88.09053382873535,74.30443363189697
2020-07-13,92.93243408203125,99.80400085449219,88.6150447845459,76.17703361511231
2020-07-14,94.47032165527344,101.12000274658203,89.16547164916992,77.93003387451172
2020-07-15,95.12003326416016,103.06732940673828,89.63778762817383,79.80963363647462
2020-07-16,93.94957733154297,100.04266357421875,90.05754203796387,81.50580024719238
2020-07-17,93.75977325439453,100.05599975585938,90.4661033630371,83.16206703186035
2020-07-20,95.73565673828125,109.53333282470703,90.99791374206544,85.30240020751953
2020-07-21,94.41434478759766,104.55733489990234,91.35233192443847,87.21586685180664
2020-07-22,94.67958068847656,106.15533447265625,91.62681465148925,89.18436698913574
2020-07-23,90.3701171875,100.87133026123047,91.76454277038575,91.02510032653808
2020-07-24,90.14623260498047,94.46666717529297,91.83292007446289,92.46183357238769
2020-07-27,92.2827377319336,102.63999938964844,92.14451179504394,94.39470024108887
2020-07-28,90.7667465209961,98.43267059326172,92.28114547729493,95.95183372497559
2020-07-29,92.50657653808594,99.94066619873047,92.46802673339843,97.3495002746582
2020-07-30,93.6259536743164,99.16600036621094,92.71927146911621,98.57570037841796
2020-07-31,103.42752075195312,95.38400268554688,93.46059455871583,99.31603393554687
2020-08-03,106.03363037109375,99.0,94.21371917724609,99.69410057067871
2020-08-04,106.74174499511719,99.13333129882812,95.01636238098145,100.01790046691895
2020-08-05,107.12865447998047,99.00133514404297,95.73274307250976,100.41503372192383
2020-08-06,110.86627960205078,99.30533599853516,96.61605224609374,100.73270034790039
2020-08-07,108.34565734863281,96.84733581542969,97.36517868041992,100.42623367309571
2020-08-10,109.92044830322266,94.57133483886719,98.21457939147949,100.16460037231445
2020-08-11,106.65142822265625,91.6259994506836,98.82363471984863,99.68990020751953
2020-08-12,110.1959228515625,103.65066528320312,99.57742919921876,99.71906700134278
2020-08-13,112.1461181640625,108.06666564941406,100.48725624084473,100.12026710510254
2020-08-14,112.04615783691406,110.04733276367188,101.40157546997071,100.61983375549316
2020-08-17,111.75361633300781,122.3759994506836,102.20247344970703,101.261967086792
2020-08-18,112.68484497070312,125.80599975585938,103.11599845886231,102.32440032958985
2020-08-19,112.82624053955078,125.23533630371094,104.02333145141601,103.27840042114258
2020-08-20,115.32982635498047,133.45533752441406,105.27131690979004,104.90760078430176
2020-08-21,121.27303314208984,136.6653289794922,106.82765693664551,107.01753387451171
2020-08-24,122.72349548339844,134.27999877929688,108.34969482421874,108.59953384399414
2020-08-25,121.7166976928711,134.8893280029297,109.8971923828125,110.42236671447753
2020-08-26,123.3719253540039,143.54466247558594,111.44045982360839,112.60256652832031
2020-08-27,121.8970947265625,149.25,112.8540168762207,115.10676651000976
2020-08-28,121.69962310791016,147.55999755859375,113.76762199401855,117.7155662536621
2020-08-31,125.82675170898438,166.10667419433594,114.75727806091308,121.0708999633789
2020-09-01,130.83872985839844,158.35000610351562,115.96212730407714,124.03173370361328
2020-09-02,128.1280059814453,149.1233367919922,117.0120948791504,126.53783378601074
2020-09-03,117.86993408203125,135.6666717529297,117.36227760314941,128.35590057373048
2020-09-04,117.94794464111328,139.44000244140625,117.84239196777344,130.48553390502929
2020-09-08,110.01062774658203,110.06999969482422,117.8469009399414,131.26046714782714
2020-09-09,114.3985824584961,122.09333038330078,118.2342586517334,132.783833694458
2020-09-10,110.66394805908203,123.77999877929688,118.25765991210938,133.7903003692627
2020-09-11,109.21106719970703,124.23999786376953,118.1109073638916,134.59896697998047
2020-09-14,112.48738861083984,139.8733367919922,118.13296890258789,136.09026718139648
2020-09-15,112.66290283203125,149.9199981689453,118.17843322753906,137.46746711730958
2020-09-16,109.33782958984375,147.25332641601562,118.01108245849609,138.5398334503174
2020-09-17,107.59239959716797,141.14332580566406,117.74939041137695,139.33523292541503
2020-09-18,104.17955017089844,147.38333129882812,117.19187660217285,140.03163261413573
2020-09-21,107.3388671875,149.79666137695312,116.49516830444335,140.68819923400878
2020-09-22,109.02579498291016,141.41000366210938,115.81028327941894,141.04469947814943
2020-09-23,104.45257568359375,126.78666687011719,114.94707717895508,140.6395664215088
2020-09-24,105.52518463134766,129.26333618164062,114.05474014282227,139.9255001068115
2020-09-25,109.48408508300781,135.77999877929688,113.43408966064453,139.25200004577636
2020-09-28,112.09735107421875,140.39999389648438,112.95397605895997,138.8939998626709
2020-09-29,111.24903106689453,139.69000244140625,112.22509002685547,137.57316627502442
2020-09-30,112.92617797851562,143.00332641601562,111.32946243286133,136.80583229064942
2020-10-01,113.88178253173828,149.3866729736328,110.61715126037598,136.81899909973146
2020-10-02,110.20565795898438,138.3633270263672,110.23393745422364,136.9538318634033
2020-10-05,113.59901428222656,141.89332580566406,110.0164909362793,137.0764980316162
2020-10-06,110.34217071533203,137.9933319091797,110.0330680847168,138.472664642334
2020-10-07,112.2143783569336,141.76666259765625,109.92385787963867,139.45633125305176
2020-10-08,112.10710144042969,141.97332763671875,109.99601554870605,140.36599769592286
2020-10-09,114.05729675292969,144.6666717529297,110.23832702636719,141.38733139038087
2020-10-12,121.30229187011719,147.43333435058594,110.67907218933105,141.76533126831055
2020-10-13,118.08445739746094,148.88333129882812,110.95014991760254,141.7134979248047
2020-10-14,118.17222595214844,153.76666259765625,111.39186973571778,142.0391647338867
2020-10-15,117.70417785644531,149.6266632080078,111.89745864868163,142.4633316040039
2020-10-16,116.05626678466797,146.55667114257812,112.49129447937011,142.4219985961914
2020-10-19,113.09194946289062,143.61000061035156,112.77894859313965,142.11266555786133
2020-10-20,114.5838623046875,140.64666748046875,113.05685195922851,142.0744987487793
2020-10-21,113.95979309082031,140.8800048828125,113.53221282958984,142.77916564941407
2020-10-22,112.8676986694336,141.92999267578125,113.89933853149414,143.4124984741211
2020-10-23,112.17534637451172,140.2100067138672,114.03390159606934,143.6339988708496
2020-10-26,112.18511962890625,140.0933380126953,114.03829002380371,143.61866607666016
2020-10-27,113.69651794433594,141.55999755859375,114.16066436767578,143.71216583251953
2020-10-28,108.43098449707031,135.33999633789062,113.93590469360352,143.3289993286133
2020-10-29,112.4483871459961,136.94332885742188,113.8642349243164,142.70683212280272
2020-10-30,106.14925384521484,129.34666442871094,113.66141471862792,142.25599899291993
2020-11-02,106.06148529052734,133.50332641601562,113.28453826904297,141.8364990234375
2020-11-03,107.68991088867188,141.3000030517578,113.15192527770996,142.0018325805664
2020-11-04,112.08761596679688,140.32666015625,113.14558715820313,141.9298324584961
2020-11-05,116.06600952148438,146.02999877929688,113.34353256225586,142.132666015625
2020-11-06,115.93414306640625,143.31666564941406,113.43737487792968,142.0651657104492
2020-11-09,113.61917877197266,140.4199981689453,113.05321922302247,141.7144989013672
2020-11-10,113.27731323242188,136.7866668701172,112.8128620147705,141.10966567993165
2020-11-11,116.7155532836914,139.0433349609375,112.74002838134766,140.3734992980957
2020-11-12,116.44207000732422,137.25332641601562,112.6769229888916,139.75483245849608
2020-11-13,116.49089813232422,136.1666717529297,112.69865455627442,139.23533248901367
2020-11-16,117.50675201416016,136.02999877929688,112.9193946838379,138.85633239746093
2020-11-17,116.61788940429688,147.20333862304688,113.02109603881836,139.18416595458984
2020-11-18,115.28947448730469,162.2133331298828,113.08758010864258,140.25083236694337
2020-11-19,115.88529205322266,166.42333984375,113.23845977783203,141.4754997253418
2020-11-20,114.61546325683594,163.20333862304688,113.36046562194824,142.6251663208008
2020-11-23,111.2065200805664,173.9499969482422,113.31153564453125,144.31799926757813
2020-11-24,112.4958724975586,185.1266632080078,113.25150337219239,146.49633255004883
2020-11-25,113.33589935302734,191.3333282470703,113.49674911499024,149.2959991455078
2020-11-27,113.88290405273438,195.25332641601562,113.56847496032715,152.2114990234375
2020-11-30,116.2857894897461,189.1999969482422,114.0753017425537,155.20416564941405
2020-12-01,119.87055206298828,194.9199981689453,114.76575508117676,158.27499923706054
2020-12-02,120.22220611572266,189.60667419433594,115.39236984252929,160.69033279418946
2020-12-03,120.08545684814453,197.7933349609375,115.79226188659668,163.56366653442382
2020-12-04,119.41148376464844,199.67999267578125,115.95953559875488,166.24616622924805
2020-12-07,120.87665557861328,213.9199981689453,116.20666122436523,169.7763328552246
2020-12-08,121.49203491210938,216.6266632080078,116.60030403137208,173.58666610717773
2020-12-09,118.95240020751953,201.4933319091797,116.88405838012696,176.82199935913087
2020-12-10,120.37850189208984,209.02333068847656,117.06720581054688,180.3209991455078
2020-12-11,119.56776428222656,203.3300018310547,117.22349052429199,183.62483291625978
2020-12-14,118.95240020751953,213.27667236328125,117.34656562805176,187.48033294677734
2020-12-15,124.91075134277344,211.0833282470703,117.71676559448242,191.232999420166
2020-12-16,124.84239196777344,207.58999633789062,118.12799072265625,194.2523323059082
2020-12-17,125.71173858642578,218.63333129882812,118.6491039276123,197.07333221435547
2020-12-18,123.7190933227539,231.6666717529297,119.04079399108886,200.33549880981445
2020-12-21,125.25262451171875,216.6199951171875,119.57265205383301,203.00633163452147
2020-12-22,128.81790161132812,213.44667053222656,120.45322113037109,204.9811653137207
2020-12-23,127.91925811767578,215.32666015625,121.22439041137696,206.4911651611328
2020-12-24,128.90582275390625,220.58999633789062,122.0028865814209,207.95399856567383
2020-12-28,133.51620483398438,221.22999572753906,122.9845516204834,209.25283203125
2020-12-29,131.73846435546875,221.99667358398438,123.75718536376954,210.8926658630371
2020-12-30,130.6151885986328,231.5933380126953,124.29441719055175,212.7263328552246
2020-12-31,129.6090850830078,235.22332763671875,124.76376113891601,215.00716552734374
2021-01-04,126.40522003173828,243.2566680908203,125.0797492980957,217.28033218383788
2021-01-05,127.96809387207031,245.0366668701172,125.5075798034668,219.54816589355468
2021-01-06,123.66046905517578,251.9933319091797,125.64677047729492,221.45183258056642
2021-01-07,127.88016510009766,272.0133361816406,125.96617698669434,224.22116622924804
2021-01-08,128.98397827148438,293.3399963378906,126.46775588989257,228.8134994506836
2021-01-11,125.9852066040039,270.39666748046875,126.74809112548829,231.8821662902832
2021-01-12,125.80941009521484,283.14666748046875,127.0601734161377,235.8729995727539
2021-01-13,127.85086822509766,284.8033447265625,127.50509681701661,239.44933319091797
2021-01-14,125.91686248779297,281.6666564941406,127.55540237426757,242.97849960327147
2021-01-15,124.18793487548828,275.38665771484375,127.52267951965332,246.36833267211915
2021-01-19,124.86192321777344,281.51666259765625,127.48018875122071,249.51249923706055
2021-01-20,128.9644012451172,283.48333740234375,127.74245414733886,252.10333251953125
2021-01-21,133.69203186035156,281.663330078125,128.1644245147705,255.35549926757812
2021-01-22,135.8409423828125,282.21331787109375,128.51557655334472,258.7938316345215
2021-01-25,139.60154724121094,293.6000061035156,129.09969100952148,262.70749893188474
2021-01-26,139.83596801757812,294.36334228515625,129.64619827270508,266.396166229248
2021-01-27,138.7615203857422,288.0533447265625,129.90846405029296,269.7373336791992
2021-01-28,133.90692138671875,278.4766540527344,130.01688690185546,272.5613327026367
2021-01-29,128.8960418701172,264.510009765625,129.9309295654297,274.2071662902832
2021-02-01,131.02537536621094,279.9366760253906,130.00174407958986,276.4428337097168
2021-02-02,131.85568237304688,290.92999267578125,130.27426719665527,278.82649993896484
2021-02-03,130.83006286621094,284.89666748046875,130.4173656463623,280.8194999694824
2021-02-04,134.19993591308594,283.3299865722656,130.9443389892578,282.3863327026367
2021-02-05,133.78421020507812,284.07666015625,131.23954124450682,282.9894989013672
2021-02-08,133.9309539794922,287.8066711425781,131.48689002990722,282.71283264160155
2021-02-09,133.05050659179688,283.1533203125,131.84015502929688,283.3506652832031
2021-02-10,132.4440155029297,268.2733459472656,132.17188529968263,282.606999206543
2021-02-11,132.1896514892578,270.5533447265625,132.38882446289062,281.89449920654295
2021-02-12,132.4244384765625,272.0400085449219,132.7142032623291,281.41316680908204
2021-02-16,130.2918701171875,265.40667724609375,133.01940002441407,280.9141677856445
2021-02-17,127.99298858642578,266.04998779296875,133.17595329284669,280.14083404541014
2021-02-18,126.8875961303711,262.4599914550781,133.07211303710938,279.08966674804685
2021-02-19,127.0440902709961,260.4333190917969,132.7397159576416,278.02816619873045
2021-02-22,123.25831604003906,238.1666717529297,132.11058464050294,275.8258338928223
2021-02-23,123.1213607788086,232.94667053222656,131.2865753173828,272.7931671142578
2021-02-24,122.62245178222656,247.33999633789062,130.42589950561523,270.4419998168945
2021-02-25,118.35733032226562,227.4066619873047,129.40569000244142,267.40966567993166
2021-02-26,118.6214599609375,225.1666717529297,128.64141693115235,264.7441665649414
2021-03-01,125.00936889648438,239.47666931152344,128.44708328247071,263.4924995422363
2021-03-02,122.39747619628906,228.81333923339844,128.01568832397462,260.9363327026367
2021-03-03,119.40406036376953,217.73333740234375,127.39310722351074,257.27649993896483
2021-03-04,117.51605987548828,207.14666748046875,126.7274070739746,253.38899993896484
2021-03-05,118.77798461914062,199.31666564941406,125.95630950927735,249.18833389282227
2021-03-08,113.82808685302734,187.6666717529297,124.9585033416748,244.36783447265626
2021-03-09,118.45516204833984,224.52667236328125,124.1847137451172,241.2038345336914
2021-03-10,117.36932373046875,222.68666076660156,123.40065460205078,238.18050155639648
2021-03-11,119.30624389648438,233.1999969482422,122.74376602172852,236.4268341064453
2021-03-12,118.39645385742188,231.2433319091797,122.05410614013672,234.46133346557616
2021-03-15,121.29206085205078,235.97999572753906,121.49748725891114,232.65833282470703
2021-03-16,122.83768463134766,225.6266632080078,121.12477798461914,230.66933212280273
2021-03-17,122.04531860351562,233.93666076660156,120.82739448547363,229.06366577148438
2021-03-18,117.90733337402344,217.72000122070312,120.37838134765624,226.82666625976563
2021-03-19,117.37908935546875,218.2899932861328,119.89513130187989,224.71949996948243
2021-03-22,120.70511627197266,223.3333282470703,119.76747131347656,223.97783279418945
2021-03-23,119.87360382080078,220.72000122070312,119.60508346557617,223.3664993286133
2021-03-24,117.4769058227539,210.08999633789062,119.34780616760254,221.50399932861328
2021-03-25,117.9660415649414,213.4633331298828,119.32824172973633,220.80683288574218
2021-03-26,118.57254028320312,206.23666381835938,119.3257957458496,219.86033248901367
2021-03-29,118.7486343383789,203.76333618164062,119.01275901794433,218.07466583251954
2021-03-30,117.29106140136719,211.8733367919922,118.75743827819824,217.22766571044923
2021-03-31,119.49209594726562,222.64332580566406,118.76184005737305,217.47316513061523
2021-04-01,120.3236083984375,220.5833282470703,118.9022174835205,218.1449981689453
2021-04-05,123.1604995727539,230.35000610351562,119.12134323120117,219.6966651916504
2021-04-06,123.46376037597656,230.5399932861328,119.60312690734864,221.84033126831054
2021-04-07,125.11697387695312,223.6566619873047,119.9362174987793,221.7968307495117
2021-04-08,127.5234146118164,227.93333435058594,120.44392204284668,222.05916442871094
2021-04-09,130.10598754882812,225.67333984375,120.98390922546386,221.68283157348634
2021-04-12,128.38429260253906,233.9933319091797,121.48330116271973,221.82033157348633
2021-04-13,131.50485229492188,254.10667419433594,121.99394073486329,222.72666549682617
2021-04-14,129.15711975097656,244.07666015625,122.30991249084472,223.64916534423827
2021-04-15,131.57334899902344,246.28334045410156,122.78631401062012,224.2664993286133
2021-04-16,131.24078369140625,246.5933380126953,123.45298652648925,225.71016616821288
2021-04-19,131.9059600830078,238.2100067138672,124.17933006286621,226.7061668395996
2021-04-20,130.21360778808594,239.663330078125,124.65475463867188,227.52266693115234
2021-04-21,130.5950927734375,248.0399932861328,125.19082908630371,228.88866653442383
2021-04-22,129.06906127929688,239.89666748046875,125.77043685913085,230.37900009155274
2021-04-23,131.39727783203125,243.13333129882812,126.44199867248535,231.8625
2021-04-26,131.78857421875,246.06666564941406,127.1028003692627,233.85400009155273
2021-04-27,131.46580505371094,234.913330078125,127.7386589050293,235.41149978637696
2021-04-28,130.67335510253906,231.46665954589844,128.40777359008788,236.39116592407225
2021-04-29,130.57559204101562,225.6666717529297,128.9619483947754,236.54233322143554
2021-04-30,128.59951782226562,236.47999572753906,129.3757438659668,237.337166595459
2021-05-03,129.656005859375,228.3000030517578,129.70051918029785,237.2346664428711
2021-05-04,125.06806182861328,224.53334045410156,129.78073425292968,236.93433380126953
2021-05-05,125.31262969970703,223.64666748046875,129.79051704406737,236.93383407592773
2021-05-06,126.9169692993164,221.17999267578125,129.76019477844238,236.5961669921875
2021-05-07,127.59307861328125,224.1233367919922,129.63454933166503,236.5186668395996
2021-05-10,124.30061340332031,209.67999267578125,129.4303653717041,235.3029998779297
2021-05-11,123.37950134277344,205.73333740234375,129.02409782409669,232.88433303833008
2021-05-12,120.3026123046875,196.6300048828125,128.58137245178222,230.5120002746582
2021-05-13,122.45838928222656,190.56333923339844,128.1256244659424,227.72600021362305
2021-05-14,124.88851928710938,196.5800018310547,127.80801124572754,225.225333404541
2021-05-17,123.73226928710938,192.27667236328125,127.39932670593262,222.9286666870117
2021-05-18,122.3407974243164,192.6233367919922,127.00568618774415,220.57666702270507
2021-05-19,122.18401336669922,187.82000732421875,126.58513221740722,217.56566772460937
2021-05-20,124.75135040283203,195.5933380126953,126.36924667358399,215.3505012512207
2021-05-21,122.90914154052734,193.6266632080078,125.9448398590088,212.8751678466797
2021-05-24,124.54558563232422,202.14666748046875,125.5826904296875,210.6791679382324
2021-05-25,124.34959411621094,201.56333923339844,125.2268798828125,209.01166839599608
2021-05-26,124.30061340332031,206.3766632080078,124.90824279785156,207.75716857910157
2021-05-27,122.76214599609375,210.28334045410156,124.51757049560547,206.98800201416014
2021-05-28,122.10562133789062,208.4066619873047,124.19287567138672,205.58433532714844
2021-06-01,121.78225708007812,207.96665954589844,123.79918823242187,204.56766815185546
2021-06-02,122.54656982421875,201.7066650390625,123.67311363220215,203.42633438110352
2021-06-03,121.05712890625,190.94667053222656,123.4603385925293,201.7913345336914
2021-06-04,123.3598861694336,199.68333435058594,123.28248443603516,200.71650161743165
2021-06-07,123.36968994140625,201.7100067138672,123.07131500244141,199.5958351135254
2021-06-08,124.19281005859375,201.19667053222656,123.06592483520508,199.17166900634766
2021-06-09,124.5749740600586,199.5933380126953,123.12569847106934,198.86466903686522
2021-06-10,123.57548522949219,203.3733367919922,123.28934211730957,199.20183563232422
2021-06-11,124.7905502319336,203.29666137695312,123.40595016479492,199.83850173950196
2021-06-14,127.8576431274414,205.89666748046875,123.55440635681153,200.30433502197266
2021-06-15,127.03453826904297,199.7866668701172,123.7195198059082,200.67983474731446
2021-06-16,127.53425598144531,201.6233367919922,123.97919273376465,201.12983474731445
2021-06-17,129.14132690429688,205.53334045410156,124.32705841064453,202.0155014038086
2021-06-18,127.8380355834961,207.77000427246094,124.48139266967773,202.62433471679688
2021-06-21,129.64105224609375,206.94332885742188,124.81798820495605,203.29016799926757
2021-06-22,131.28729248046875,207.90333557128906,125.15507354736329,203.5780014038086
2021-06-23,131.01296997070312,218.85667419433594,125.4882423400879,204.44266815185546
2021-06-24,130.728759765625,226.60667419433594,125.80964965820313,205.45416870117188
2021-06-25,130.43479919433594,223.9566650390625,126.19328231811524,206.13783493041993
2021-06-28,132.07122802734375,229.57333374023438,126.69156265258789,207.1961685180664
2021-06-29,133.59007263183594,226.9199981689453,127.28195343017578,208.14383544921876
2021-06-30,134.20741271972656,226.56666564941406,127.86499557495117,209.38683547973633
2021-07-01,134.5111846923828,225.97332763671875,128.5376983642578,211.13816833496094
2021-07-02,137.14710998535156,226.3000030517578,129.2270595550537,212.46900177001953
2021-07-06,139.1657257080078,219.86000061035156,130.0168613433838,213.37650146484376
2021-07-07,141.66452026367188,214.88333129882812,130.89044685363768,214.06083450317382
2021-07-08,140.3612060546875,217.60333251953125,131.67975845336915,214.96133422851562
2021-07-09,142.19361877441406,218.98333740234375,132.61066513061525,215.7418342590332
2021-07-12,141.59588623046875,228.56666564941406,133.450931930542,217.00533447265624
2021-07-13,142.71298217773438,222.84666442871094,134.19369888305664,217.85283432006835
2021-07-14,146.15243530273438,217.7933349609375,135.14959373474122,218.75316772460937
2021-07-15,145.49591064453125,216.86666870117188,136.0476764678955,219.51533432006835
2021-07-16,143.4478759765625,214.74000549316406,136.76300392150878,219.97566757202148
2021-07-19,139.58706665039062,215.4066619873047,137.3504554748535,220.35750045776368
2021-07-20,143.2126922607422,220.1666717529297,138.02903747558594,221.01866760253907
2021-07-21,142.47776794433594,218.42999267578125,138.58856124877929,221.54500045776368
2021-07-22,143.8496551513672,216.4199981689453,139.2303955078125,221.42316665649415
2021-07-23,145.5742645263672,214.4600067138672,139.9726707458496,220.8158332824707
2021-07-26,145.99562072753906,219.2066650390625,140.75071182250977,220.5783332824707
2021-07-27,143.82028198242188,214.92666625976562,141.33816452026366,219.84599990844725
2021-07-28,142.06626892089844,215.66000366210938,141.7619743347168,219.28300018310546
2021-07-29,142.71298217773438,225.78334045410156,142.1872528076172,219.24383392333985
2021-07-30,142.92852783203125,229.06666564941406,142.6081199645996,219.39850082397462
2021-08-02,142.59539794921875,236.55667114257812,142.88053436279296,219.9113342285156
2021-08-03,144.39837646484375,236.5800018310547,143.14216690063478,220.7473342895508
2021-08-04,143.9966583251953,236.97332763671875,143.25877380371094,221.85183410644532
2021-08-05,144.1044464111328,238.2100067138672,143.4459358215332,222.8821678161621
2021-08-06,143.41748046875,233.03334045410156,143.50712890625,223.58466796875
2021-08-09,143.36839294433594,237.9199981689453,143.59575424194335,224.05233459472657
2021-08-10,142.8875732421875,236.663330078125,143.604483795166,224.74316787719727
2021-08-11,143.14266967773438,235.94000244140625,143.45399551391603,225.6505012512207
2021-08-12,146.11622619628906,240.75,143.4850112915039,226.84466781616212
2021-08-13,146.32235717773438,239.05667114257812,143.6287353515625,228.0605010986328
2021-08-16,148.30467224121094,228.72332763671875,144.06461563110352,228.72633438110353
2021-08-17,147.3920135498047,221.90333557128906,144.27358169555663,228.81316757202148
2021-08-18,143.63336181640625,229.663330078125,144.33136138916015,229.37483444213868
2021-08-19,143.967041015625,224.49000549316406,144.33723068237305,229.7783348083496
2021-08-20,145.4293212890625,226.75332641601562,144.32998352050782,230.39300079345702
2021-08-23,146.92095947265625,235.43333435058594,144.37625045776366,231.2043342590332
2021-08-24,146.8326416015625,236.163330078125,144.5268684387207,232.26616744995118
2021-08-25,145.5961151123047,237.06666564941406,144.703360748291,233.3365005493164
2021-08-26,144.79141235351562,233.72000122070312,144.8072822570801,233.73333358764648
2021-08-27,145.83164978027344,237.30667114257812,144.9524383544922,234.14533386230468
2021-08-30,150.26742553710938,243.6366729736328,145.3360397338867,234.49933395385742
2021-08-31,149.00146484375,245.24000549316406,145.56619415283203,234.93233413696288
2021-09-01,149.66880798339844,244.69667053222656,145.84980163574218,235.3185012817383
2021-09-02,150.78759765625,244.1300048828125,146.18395919799804,235.61450119018554
2021-09-03,151.4254608154297,244.52333068847656,146.58435821533203,236.1890007019043
2021-09-07,153.7709197998047,250.97332763671875,147.10448455810547,236.84166717529297
2021-09-08,152.2203826904297,251.2899932861328,147.57112503051758,237.57300033569337
2021-09-09,151.1997528076172,251.6199951171875,147.9739791870117,238.35699996948242
2021-09-10,146.19476318359375,245.42333984375,147.97790603637696,238.5906669616699
2021-09-13,146.76394653320312,247.6666717529297,147.9999855041504,239.0211669921875
2021-09-14,145.36056518554688,248.163330078125,147.8527801513672,239.9931671142578
2021-09-15,146.25364685058594,251.94332885742188,147.79586181640624,241.49516677856445
2021-09-16,146.0181121826172,252.3300018310547,147.91509933471679,242.62850036621094
2021-09-17,143.33895874023438,253.163330078125,147.88369522094726,244.062166595459
2021-09-20,140.27708435058594,243.38999938964844,147.62608337402344,244.8940002441406
2021-09-21,140.75796508789062,246.4600067138672,147.31793365478515,245.4453338623047
2021-09-22,143.13287353515625,250.64666748046875,147.13294525146483,246.16950073242188
2021-09-23,144.09458923339844,251.2133331298828,147.05786895751953,246.8768341064453
2021-09-24,144.1829376220703,258.1300048828125,147.02744522094727,248.0973342895508
2021-09-27,142.6618194580078,263.78668212890625,146.86895370483398,249.42133483886718
2021-09-28,139.26626586914062,259.1866760253906,146.31889572143555,250.19883499145507
2021-09-29,140.1691436767578,260.4366760253906,145.87727966308594,250.95866851806642
2021-09-30,138.8638916015625,258.49334716796875,145.33703384399413,251.64850234985352
2021-10-01,139.9924774169922,258.40667724609375,144.79727783203126,252.3623359680176
2021-10-04,136.54786682128906,260.510009765625,144.05339813232422,253.161669921875
2021-10-05,138.48118591308594,260.1966552734375,143.28891143798828,253.62283630371093
2021-10-06,139.35459899902344,260.9166564941406,142.64562225341797,254.10416946411132
2021-10-07,140.6205291748047,264.53668212890625,142.11666107177734,254.75000381469727
2021-10-08,140.23782348632812,261.8299865722656,141.81881408691407,255.57033615112306
2021-10-11,140.14950561523438,263.9800109863281,141.48809204101562,256.386003112793
2021-10-12,138.8737335205078,268.5733337402344,141.16375045776368,257.40650329589846
2021-10-13,138.284912109375,270.3599853515625,140.76531372070312,258.3273361206055
2021-10-14,141.08181762695312,272.7733459472656,140.51849899291992,259.349503326416
2021-10-15,142.1416778564453,281.010009765625,140.45863494873046,260.741837310791
2021-10-18,143.81982421875,290.03668212890625,140.63577194213866,263.0741714477539
2021-10-19,145.98866271972656,288.0899963378906,140.89730682373047,265.1556709289551
2021-10-20,146.47933959960938,288.6000061035156,141.06463012695312,267.05333786010743
2021-10-21,146.69525146484375,298.0,141.19466323852538,269.3926712036133
2021-10-22,145.9199676513672,303.2266540527344,141.28151473999023,271.6475036621094
2021-10-25,145.87091064453125,341.6199951171875,141.4419692993164,275.53916931152344
2021-10-26,146.53822326660156,339.4766540527344,141.80556716918946,279.5536682128906
2021-10-27,146.0769805908203,345.9533386230469,142.10095901489257,283.8295013427734
2021-10-28,149.72769165039062,359.0133361816406,142.64414901733397,288.85550079345705
2021-10-29,147.00927734375,371.3333435058594,142.99498901367187,294.5018341064453
2021-11-01,146.1849365234375,402.86334228515625,143.4768424987793,301.6195007324219
2021-11-02,147.22520446777344,390.6666564941406,143.91404342651367,308.143000793457
2021-11-03,148.66781616210938,404.6199951171875,144.37970428466798,315.3281677246094
2021-11-04,148.147705078125,409.9700012207031,144.75606307983398,322.5998336791992
2021-11-05,148.6783905029297,407.36334228515625,145.17809143066407,329.8765014648437
2021-11-08,147.8528289794922,387.64666748046875,145.56325759887696,336.0598342895508
2021-11-09,148.2164764404297,341.1666564941406,146.03039474487304,339.6895004272461
2021-11-10,145.37619018554688,355.98333740234375,146.38495864868165,343.97066802978514
2021-11-11,145.3270263671875,354.5033264160156,146.59721908569335,348.05716705322266
2021-11-12,147.41061401367188,344.47332763671875,146.86066589355468,351.23033294677737
2021-11-15,147.42041015625,337.7966613769531,147.0406951904297,353.6183319091797
2021-11-16,148.40316772460938,351.57666015625,147.16142044067382,356.7926651000977
2021-11-17,150.8503875732422,363.0033264160156,147.37997283935547,360.51283111572263
2021-11-18,155.15504455566406,365.4599914550781,147.80296249389647,363.8858306884766
2021-11-19,157.7889862060547,379.0199890136719,148.39641342163085,367.6754974365234
2021-11-22,158.25088500976562,385.6233215332031,149.0154121398926,369.8756637573242
2021-11-23,158.63417053222656,369.6766662597656,149.62020950317384,371.38566436767576
2021-11-24,159.1550750732422,372.0,150.27411422729492,372.68799743652346
2021-11-26,154.11329650878906,360.6400146484375,150.49339447021484,372.76933135986326
2021-11-29,157.4842987060547,378.9966735839844,151.01714553833008,373.15249786376955
2021-11-30,162.45726013183594,381.586669921875,151.83076171875,372.08866424560546
2021-12-01,161.93637084960938,365.0,152.5663200378418,370.8053314208984
2021-12-02,160.9437713623047,361.5333251953125,153.18011779785155,368.6509979248047
2021-12-03,159.05677795410156,338.3233337402344,153.7255714416504,365.06866455078125
2021-12-06,162.47695922851562,336.336669921875,154.41549987792968,361.5173309326172
2021-12-07,168.23614501953125,350.5833435058594,155.43466567993164,359.6641647338867
2021-12-08,172.069091796875,356.32000732421875,156.6272964477539,360.4218322753906
2021-12-09,171.55801391601562,334.6000061035156,157.93638763427734,359.35266571044923
2021-12-10,176.3639373779297,339.010009765625,159.48823318481445,358.5779998779297
2021-12-13,172.71775817871094,322.13665771484375,160.75359039306642,357.46116638183594
2021-12-14,171.3319854736328,319.5033264160156,161.94916915893555,356.54649963378904
2021-12-15,176.21653747558594,325.3299865722656,163.33983764648437,355.23416595458986
2021-12-16,169.29759216308594,308.97332763671875,164.26219787597657,352.532666015625
2021-12-17,168.19683837890625,310.8566589355469,164.91428756713867,349.80249938964846
2021-12-20,166.8307342529297,299.9800109863281,165.36637496948242,345.8505004882812
2021-12-21,170.01502990722656,312.84332275390625,165.95458221435547,342.2115005493164
2021-12-22,172.61944580078125,336.2900085449219,166.6538459777832,340.5421676635742
2021-12-23,173.2484588623047,355.6666564941406,167.35851516723633,339.7255004882812
2021-12-27,177.22882080078125,364.64666748046875,168.51429138183593,339.9258331298828
2021-12-28,176.20669555664062,362.8233337402344,169.45041122436524,339.11716613769534
2021-12-29,176.29518127441406,362.0633239746094,170.14230728149414,338.14099884033203
2021-12-30,175.13540649414062,356.7799987792969,170.8022590637207,337.72999877929686
2021-12-31,174.5162811279297,352.260009765625,171.48088455200195,337.2663330078125
2022-01-03,178.87991333007812,399.9266662597656,172.47204132080077,340.34649963378905
2022-01-04,176.60963439941406,383.1966552734375,173.1786750793457,342.6894989013672
2022-01-05,171.911865234375,362.7066650390625,173.3624610900879,343.29566497802733
2022-01-06,169.04208374023438,354.8999938964844,173.21111068725585,343.22466430664065
2022-01-07,169.2091522216797,342.32000732421875,173.09366760253906,343.6106643676758
2022-01-10,169.2288055419922,352.7066650390625,172.73691101074218,344.29549713134764
2022-01-11,172.069091796875,354.79998779296875,172.7044776916504,345.9286636352539
2022-01-12,172.5113525390625,368.739990234375,172.76344604492186,348.3904968261719
2022-01-13,169.2288055419922,343.85333251953125,172.4140594482422,349.31666412353513
2022-01-14,170.0936737060547,349.8699951171875,172.45386352539063,351.3614974975586
2022-01-18,166.8798828125,343.5033264160156,172.3880157470703,352.993830871582
2022-01-19,163.37127685546875,331.8833312988281,172.21504287719728,354.58899688720703
2022-01-20,161.6808624267578,332.0899963378906,171.79833450317383,355.55133056640625
2022-01-21,159.6169891357422,314.6333312988281,171.14821166992186,354.46849670410154
2022-01-24,158.84059143066406,310.0,170.42781829833984,352.1851638793945
2022-01-25,157.03224182128906,306.1333312988281,169.41798934936523,349.2594970703125
2022-01-26,156.94374084472656,312.4700012207031,168.45484161376953,346.74183044433596
2022-01-27,156.48182678222656,276.3666687011719,167.46417388916015,342.4569976806641
2022-01-28,167.40077209472656,282.1166687011719,167.07744216918945,338.7238311767578
2022-01-31,171.77426147460938,312.239990234375,166.94034118652343,336.7228302001953
2022-02-01,171.60716247558594,310.4166564941406,166.57670364379882,332.24732971191406
2022-02-02,172.8159942626953,301.88665771484375,166.38702163696288,328.18182983398435
2022-02-03,169.9265899658203,297.0466613769531,166.28775787353516,324.8988296508789
2022-02-04,169.6412353515625,307.7733459472656,166.31771545410157,322.542497253418
2022-02-07,168.92283630371094,302.4466552734375,166.30339965820312,320.54882965087893
2022-02-08,172.04229736328125,307.3333435058594,166.44407424926757,318.28016357421876
2022-02-09,173.4691925048828,310.6666564941406,166.51407928466796,316.07349700927733
2022-02-10,169.37551879882812,301.51666259765625,166.35728759765624,312.7123306274414
2022-02-11,165.95101928710938,286.6666564941406,166.19339828491212,309.8529968261719
2022-02-14,166.18719482421875,291.9200134277344,165.99807434082032,306.9554977416992
2022-02-15,170.03480529785156,307.4766540527344,166.15582046508788,305.15416412353517
2022-02-16,169.79864501953125,307.7966613769531,166.47718887329103,303.94983062744143
2022-02-17,166.18719482421875,292.1166687011719,166.70250549316407,301.95116424560547
2022-02-18,164.63238525390625,285.6600036621094,166.95327529907226,300.5024978637695
2022-02-22,161.69993591308594,273.84332275390625,167.09624252319335,298.69466400146484
2022-02-23,157.51763916015625,254.67999267578125,167.12051239013672,296.1219970703125
2022-02-24,160.14508056640625,266.92333984375,167.28057937622071,293.8446640014648
2022-02-25,162.22145080566406,269.9566650390625,167.56756057739258,293.5241638183594
2022-02-28,162.48715209960938,290.1433410644531,167.3218795776367,293.9254974365234
2022-03-01,160.5977325439453,288.1233215332031,166.7630531311035,292.7196640014648
2022-03-02,163.9041748046875,293.2966613769531,166.3779037475586,291.8636642456055
2022-03-03,163.5794219970703,279.7633361816406,165.91607513427735,290.7574981689453
2022-03-04,160.56822204589844,279.42999267578125,165.44815673828126,289.87666473388674
2022-03-07,156.7599334716797,268.1933288574219,164.8040916442871,287.89766387939454
2022-03-08,154.9296112060547,274.79998779296875,164.10443038940429,286.5153305053711
2022-03-09,160.35174560546875,286.3233337402344,163.51990280151367,285.46483001708987
2022-03-10,155.99241638183594,279.4333190917969,162.64606399536132,283.90316314697264
2022-03-11,152.26280212402344,265.1166687011719,161.7904281616211,282.0831634521484
2022-03-14,148.21835327148438,255.4566650390625,160.90379486083984,280.52266387939454
2022-03-15,152.6170654296875,267.2966613769531,160.22528839111328,279.29149627685547
2022-03-16,157.04531860351562,280.07666015625,159.5758140563965,277.92149658203124
2022-03-17,158.05889892578125,290.5333251953125,158.98882675170898,277.0583297729492
2022-03-18,161.3653106689453,301.7966613769531,158.74773254394532,277.5423294067383
2022-03-21,162.74301147460938,307.0533447265625,158.65326385498048,278.61199645996095
2022-03-22,166.12814331054688,331.32666015625,158.87467422485352,281.4861633300781
2022-03-23,167.49598693847656,333.03668212890625,159.37359161376952,285.40399780273435
2022-03-24,171.29443359375,337.97332763671875,159.93105926513672,288.9564971923828
2022-03-25,171.93405151367188,336.8800048828125,160.41668930053712,292.3026641845703
2022-03-28,172.800048828125,363.9466552734375,160.93233413696288,295.99282989501955
2022-03-29,176.10647583007812,366.5233459472656,161.70777130126953,299.91283111572267
2022-03-30,174.93545532226562,364.663330078125,162.25933532714845,303.4811645507813
2022-03-31,171.82579040527344,359.20001220703125,162.6716537475586,307.45299835205077
2022-04-01,171.5305938720703,361.5299987792969,163.2197723388672,311.55799865722656
2022-04-04,175.59475708007812,381.8166809082031,164.1615135192871,317.2391662597656
2022-04-05,172.26864624023438,363.7533264160156,165.0284652709961,321.686833190918
2022-04-06,169.09014892578125,348.586669921875,165.46538543701172,324.8
2022-04-07,169.3952178955078,352.4200134277344,166.13552551269532,328.4493347167969
2022-04-08,167.3778839111328,341.8299865722656,166.8912796020508,332.2850006103516
2022-04-11,163.10707092285156,325.30999755859375,167.63571548461914,335.7776672363281
2022-04-12,164.98663330078125,328.98333740234375,168.25419387817382,338.8620010375977
2022-04-13,167.6829376220703,340.7900085449219,168.78607482910155,341.8976684570313
2022-04-14,162.65443420410156,328.3333435058594,169.01585159301757,343.7876693725586
2022-04-18,162.4379425048828,334.7633361816406,169.06948318481446,345.43600311279295
2022-04-19,164.7307586669922,342.7166748046875,169.1688705444336,347.2191696166992
2022-04-20,164.56349182128906,325.73333740234375,169.09063796997071,346.9395034790039
2022-04-21,163.76641845703125,336.260009765625,168.90415954589844,347.10066986083984
2022-04-22,159.21023559570312,335.01666259765625,168.2999496459961,346.95283660888674
2022-04-25,160.2828369140625,332.67333984375,167.71738891601564,346.7425033569336
2022-04-26,154.2997589111328,292.1400146484375,166.79237442016603,343.1521713256836
2022-04-27,154.07347106933594,293.836669921875,165.69072418212892,339.51783752441406
2022-04-28,161.03073120117188,292.5033264160156,164.99548797607423,335.9098373413086
2022-04-29,155.13623046875,290.2533264160156,164.16100997924804,332.46250305175784
2022-05-02,155.44131469726562,300.9800109863281,163.3565460205078,329.43500366210935
2022-05-03,156.9370574951172,303.0833435058594,162.42366104125978,325.4983367919922
2022-05-04,163.372802734375,317.5400085449219,161.9788688659668,323.1876708984375
2022-05-05,154.27027893066406,291.09332275390625,161.23787536621094,320.31300354003906
2022-05-06,154.99954223632812,288.54998779296875,160.51809158325196,317.11950225830077
2022-05-09,149.85520935058594,262.3699951171875,159.6419578552246,313.14650268554686
2022-05-10,152.26971435546875,266.67999267578125,159.10009002685547,310.2150024414062
2022-05-11,144.37583923339844,244.6666717529297,158.06955032348634,305.99916915893556
2022-05-12,140.49298095703125,242.6666717529297,156.71005249023438,301.09300231933594
2022-05-13,144.9770050048828,256.5299987792969,155.82618103027343,297.5028350830078
2022-05-16,143.4297637939453,241.4566650390625,154.87577209472656,292.8375015258789
2022-05-17,147.07611083984375,253.8699951171875,153.99303970336913,288.3951675415039
2022-05-18,138.77821350097656,236.60333251953125,152.70377578735352,283.9386672973633
2022-05-19,135.3585205078125,236.47332763671875,151.28338088989258,278.94933319091797
2022-05-20,135.5950469970703,221.3000030517578,150.10262145996094,273.26350021362305
2022-05-23,141.0349884033203,224.96665954589844,149.14022903442384,267.87816619873047
2022-05-24,138.32489013671875,209.3866729736328,148.34148559570312,263.74049911499026
2022-05-25,138.4825439453125,219.60000610351562,147.56193923950195,260.02866592407224
2022-05-26,141.69528198242188,235.91000366210938,146.59516677856445,257.19899978637693
2022-05-27,147.47032165527344,253.2100067138672,146.2118713378906,255.34683380126953
2022-05-31,146.681884765625,252.75332641601562,145.7738998413086,252.9354995727539
2022-06-01,146.55381774902344,246.7899932861328,145.2547378540039,250.12083206176757
2022-06-02,149.01756286621094,258.3333435058594,144.5369758605957,247.16049880981444
2022-06-03,143.27210998535156,234.51666259765625,143.98706741333007,244.33166580200196
2022-06-06,144.0210723876953,238.27999877929688,143.43814392089843,241.81816635131835
2022-06-07,146.55381774902344,238.8866729736328,143.2730743408203,240.6440002441406
2022-06-08,145.81468200683594,241.86666870117188,142.95032272338867,239.40333404541016
2022-06-09,140.5718231201172,239.7066650390625,142.7601219177246,239.15533370971679
2022-06-10,135.1417236328125,232.22999572753906,142.49255905151367,238.63349990844728
2022-06-13,129.9678497314453,215.73666381835938,141.7421012878418,236.59383316040038
2022-06-14,130.83506774902344,220.88999938964844,141.11236648559571,235.56549987792968
2022-06-15,133.46636962890625,233.0,140.43187942504883,234.52200012207032
2022-06-16,128.1741943359375,213.10000610351562,139.90167846679688,233.34683380126953
2022-06-17,129.65248107910156,216.75999450683594,139.61637649536132,232.36116714477538
2022-06-21,133.8999786376953,237.0366668701172,139.53162307739257,233.14800033569335
2022-06-22,133.38751220703125,236.086669921875,139.1492492675781,233.7040008544922
2022-06-23,136.2651824951172,235.07000732421875,139.04626388549804,234.9881675720215
2022-06-24,139.6060333251953,245.7066650390625,139.1024383544922,236.29350051879882
2022-06-27,139.6060333251953,244.9199981689453,138.99797592163085,236.74400024414064
2022-06-28,135.44723510742188,232.663330078125,138.39682159423828,235.7166664123535
2022-06-29,137.21124267578125,228.49000549316406,137.92328948974608,234.50350036621094
2022-06-30,134.73765563964844,224.47332763671875,137.33248138427734,233.38766708374024
2022-07-01,136.91561889648438,227.26333618164062,136.727384185791,231.83416671752929
2022-07-05,139.50747680664062,233.06666564941406,136.53915252685547,231.76166687011718
2022-07-06,140.84776306152344,231.73333740234375,136.38048706054687,231.43433380126953
2022-07-07,144.22804260253906,244.5433349609375,136.26419830322266,231.71716690063477
2022-07-08,144.90802001953125,250.76333618164062,136.21886520385743,232.1620002746582
2022-07-11,142.7694854736328,234.3433380126953,136.3287483215332,231.89383392333986
2022-07-12,143.74514770507812,233.07000732421875,136.7589195251465,231.93583450317382
2022-07-13,143.3804931640625,237.0399932861328,137.42955169677734,233.0010009765625
2022-07-14,146.31727600097656,238.31333923339844,138.203662109375,233.87216796875
2022-07-15,147.9926300048828,240.06666564941406,138.92997512817382,234.2255012512207
2022-07-18,144.93759155273438,240.54666137695312,139.76814498901368,235.59783401489258
2022-07-19,148.8105926513672,245.52999877929688,140.72605056762694,237.0363342285156
2022-07-20,150.82101440429688,247.5,141.57210235595704,237.55950088500975
2022-07-21,153.09751892089844,271.7066650390625,142.5576026916504,239.34050064086915
2022-07-22,151.8557891845703,272.24334716796875,143.33713302612304,241.19916763305665
2022-07-25,150.73231506347656,268.4333190917969,143.8934471130371,242.33550033569335
2022-07-26,149.40191650390625,258.8599853515625,144.38324127197265,243.03249969482422
2022-07-27,154.51663208007812,274.82000732421875,145.33671112060546,245.1403335571289
2022-07-28,155.0685577392578,280.8999938964844,146.2295768737793,247.7608329772949
2022-07-29,160.15370178222656,297.1499938964844,147.5003791809082,251.3946662902832
2022-08-01,159.16822814941406,297.27667236328125,148.61300964355468,254.89533309936525
2022-08-02,157.68997192382812,300.586669921875,149.52213439941406,258.2713333129883
2022-08-03,163.72125244140625,307.39666748046875,150.6658088684082,262.0544998168945
2022-08-04,163.40585327148438,308.6333312988281,151.62469940185548,265.2589996337891
2022-08-05,163.1788787841797,288.1700134277344,152.5382423400879,267.12933349609375
2022-08-08,162.70518493652344,290.42333984375,153.53502731323243,269.9333335876465
2022-08-09,162.7545623779297,283.3333435058594,154.485498046875,272.44650039672854
2022-08-10,167.017822265625,294.3566589355469,155.66736450195313,275.31233367919924
2022-08-11,166.2776641845703,286.6300048828125,156.6653839111328,277.7281669616699
2022-08-12,169.8402557373047,300.0299987792969,157.7577651977539,280.72633361816406
2022-08-15,170.9159393310547,309.32000732421875,159.05668258666992,284.16500091552734
2022-08-16,170.75804138183594,306.5633239746094,160.15405502319337,287.21666717529297
2022-08-17,172.25807189941406,303.9966735839844,161.2259078979492,290.0415008544922
2022-08-18,171.86334228515625,302.8699951171875,162.1641990661621,291.59966735839845
2022-08-19,169.26788330078125,296.6666564941406,163.03480377197266,292.82083282470705
2022-08-22,165.36972045898438,289.913330078125,163.76667404174805,293.89483337402345
2022-08-23,165.0341796875,296.4533386230469,164.54828720092775,295.77450103759764
2022-08-24,165.33026123046875,297.0966796875,165.08896865844727,296.8883346557617
2022-08-25,167.7974395751953,296.07000732421875,165.72541275024415,297.64683532714844
2022-08-26,161.4716033935547,288.0899963378906,165.79130783081055,297.19383544921874
2022-08-29,159.2610321044922,284.82000732421875,165.79594802856445,296.5710021972656
2022-08-30,156.82347106933594,277.70001220703125,165.75262298583985,295.4266693115234
2022-08-31,155.1556396484375,275.6099853515625,165.3243423461914,293.83733520507815
2022-09-01,155.8859405517578,277.1600036621094,164.94834671020507,292.2636688232422
2022-09-02,153.76412963867188,270.2099914550781,164.47760925292968,291.36566772460935
2022-09-06,152.50096130371094,274.4200134277344,163.96739807128907,290.5655014038086
2022-09-07,153.9121856689453,283.70001220703125,163.52527923583983,290.5838348388672
2022-09-08,152.43186950683594,289.260009765625,162.79598159790038,290.3290023803711
2022-09-09,155.30364990234375,299.67999267578125,162.24728088378907,290.9815017700195
2022-09-12,161.2840576171875,304.4200134277344,161.8194709777832,291.2010025024414
2022-09-13,151.82003784179688,292.1300048828125,160.86467590332032,290.3415023803711
2022-09-14,153.27069091796875,302.6099853515625,159.99030838012695,290.1438354492187
2022-09-15,150.36932373046875,303.75,158.8958709716797,290.13150177001955
2022-09-16,148.72122192382812,303.3500061035156,157.73876495361327,290.15550231933594
2022-09-19,152.4516143798828,309.07000732421875,156.89795150756837,290.77566986083986
2022-09-20,154.83981323242188,308.7300109863281,156.37145614624023,291.71650390625
2022-09-21,151.7015838623047,300.79998779296875,155.70482635498047,291.93383636474607
2022-09-22,150.73446655273438,288.5899963378906,154.97503662109375,291.5085021972656
2022-09-23,148.45477294921875,275.3299865722656,154.0079032897949,290.471501159668
2022-09-26,148.79034423828125,276.010009765625,153.37384033203125,289.8675018310547
2022-09-27,149.767333984375,282.94000244140625,152.8991554260254,289.77350158691405
2022-09-28,147.87254333496094,287.80999755859375,152.45160903930665,290.2790008544922
2022-09-29,140.60916137695312,268.2099914550781,151.72428512573242,289.909001159668
2022-09-30,136.3853759765625,265.25,150.74925689697267,289.3135009765625
2022-10-03,140.57957458496094,242.39999389648438,150.09002914428712,287.9230010986328
2022-10-04,144.18165588378906,249.44000244140625,149.674063873291,286.6740005493164
2022-10-05,144.47772216796875,240.80999755859375,149.20234069824218,284.52949981689454
2022-10-06,143.52044677734375,238.1300048828125,148.75676956176758,281.9729995727539
2022-10-07,138.2505340576172,223.07000732421875,147.90411376953125,278.14250030517576
2022-10-10,138.5762481689453,222.9600067138672,146.76872329711915,274.0694999694824
2022-10-11,137.15512084960938,216.5,146.03547744750978,270.2879997253418
2022-10-12,136.52352905273438,217.24000549316406,145.19811935424804,266.0195007324219
2022-10-13,141.1125030517578,221.72000122070312,144.7352783203125,261.91800079345705
2022-10-14,136.56300354003906,204.99000549316406,144.12736740112305,257.00000076293946
2022-10-17,140.5401153564453,219.35000610351562,143.53179244995118,252.5140007019043
2022-10-18,141.86248779296875,220.19000244140625,142.8829261779785,248.0870002746582
2022-10-19,141.97103881835938,222.0399932861328,142.39639892578126,244.1490005493164
2022-10-20,141.5072021484375,207.27999877929688,141.9350357055664,240.08350067138673
2022-10-21,145.33627319335938,214.44000244140625,141.77911071777345,237.03900146484375
2022-10-24,147.48765563964844,211.25,141.7139762878418,233.8010009765625
2022-10-25,150.33970642089844,222.4199981689453,141.74259490966796,230.77500076293944
2022-10-26,147.38897705078125,224.63999938964844,141.718416595459,227.6165008544922
2022-10-27,142.89874267578125,225.08999633789062,141.8328956604004,225.46050109863282
2022-10-28,153.695068359375,228.52000427246094,142.69838027954103,223.62400131225587
2022-10-31,151.3265838623047,227.5399932861328,143.2357307434082,222.8810012817383
2022-11-01,148.6719207763672,227.82000732421875,143.46024398803712,221.8000015258789
2022-11-02,143.1256866455078,214.97999572753906,143.39264221191405,220.50850143432618
2022-11-03,137.05642700195312,215.30999755859375,143.06944122314454,219.36750106811525
2022-11-04,136.78956604003906,207.47000122070312,142.99639282226562,218.58750076293944
2022-11-07,137.32333374023438,197.0800018310547,142.9337471008301,217.29350051879882
2022-11-08,137.8966827392578,191.3000030517578,142.9708251953125,216.03350067138672
2022-11-09,133.31988525390625,177.58999633789062,142.8106430053711,214.05100021362304
2022-11-10,145.18197631835938,190.72000122070312,143.01411666870118,212.50100021362306
2022-11-11,147.97946166992188,195.97000122070312,143.5849395751953,212.05
2022-11-14,146.57579040527344,190.9499969482422,143.88672332763673,210.62999954223633
2022-11-15,148.31553649902344,194.4199981689453,144.20937576293946,209.34149932861328
2022-11-16,147.0799102783203,186.9199981689453,144.4648193359375,207.58549957275392
2022-11-17,148.98773193359375,183.1699981689453,144.8388458251953,206.37999954223633
2022-11-18,149.55113220214844,180.19000244140625,145.04958877563476,204.66749954223633
2022-11-21,146.3088836669922,167.8699951171875,144.99065017700195,202.4984992980957
2022-11-22,148.45391845703125,169.91000366210938,144.8963607788086,199.8729995727539
2022-11-23,149.33372497558594,183.1999969482422,144.99359817504882,197.8009994506836
2022-11-25,146.40771484375,182.86000061035156,145.16904678344727,195.68949966430665
2022-11-28,142.56243896484375,182.9199981689453,144.6124153137207,193.40949935913085
2022-11-29,139.54750061035156,180.8300018310547,144.02346115112306,191.07399978637696
2022-11-30,146.3286590576172,194.6999969482422,143.90629806518555,189.41799926757812
2022-12-01,146.60543823242188,194.6999969482422,144.08028564453124,188.40399932861328
2022-12-02,146.1111602783203,194.86000061035156,144.53302230834962,187.38149948120116
2022-12-05,144.94473266601562,182.4499969482422,144.94078063964844,186.13049926757813
2022-12-06,141.26748657226562,179.82000732421875,145.13798828125,185.26749954223632
2022-12-07,139.32015991210938,174.0399932861328,145.20916213989258,184.40449905395508
2022-12-08,141.01048278808594,173.44000244140625,145.59369201660155,184.19699935913087
2022-12-09,140.526123046875,179.0500030517578,145.36089935302735,183.6134994506836
2022-12-12,142.829345703125,167.82000732421875,145.1033935546875,182.20599975585938
2022-12-13,143.798095703125,160.9499969482422,144.9645088195801,180.70599975585938
2022-12-14,141.5640106201172,156.8000030517578,144.62693252563477,178.825
2022-12-15,134.93113708496094,157.6699981689453,144.0194938659668,177.3625
2022-12-16,132.96401977539062,150.22999572753906,143.21830825805665,175.7154998779297
2022-12-19,130.8486328125,149.8699951171875,142.2831832885742,174.19949951171876
2022-12-20,130.7794189453125,137.8000030517578,141.50671005249023,172.69599990844728
2022-12-21,133.89321899414062,137.57000732421875,140.7786750793457,171.07900009155273
2022-12-22,130.71022033691406,125.3499984741211,139.8474998474121,168.18650016784667
2022-12-23,130.344482421875,123.1500015258789,139.04433822631836,165.20100021362305
2022-12-27,128.53553771972656,109.0999984741211,138.3429931640625,161.51000022888184
2022-12-28,124.59138488769531,112.70999908447266,137.59518737792968,158.10400009155273
2022-12-29,128.12034606933594,121.81999969482422,136.6847717285156,154.46000022888182
2022-12-30,128.43667602539062,123.18000030517578,135.77633361816407,150.8840003967285
2023-01-03,123.63253021240234,108.0999984741211,134.65240211486815,146.546000289917
2023-01-04,124.90770721435547,113.63999938964844,133.65055084228516,143.1055004119873
2023-01-05,123.58309173583984,110.33999633789062,132.76633110046387,139.6314998626709
2023-01-06,128.13021850585938,113.05999755859375,132.20683403015136,136.58250007629394
2023-01-09,128.65414428710938,119.7699966430664,131.58901710510253,133.89899978637695
2023-01-10,129.22744750976562,118.8499984741211,131.02408332824706,130.8889995574951
2023-01-11,131.95574951171875,123.22000122070312,130.48040351867675,128.65899925231935
2023-01-12,131.8766632080078,123.55999755859375,129.8843318939209,126.78949928283691
2023-01-13,133.2111358642578,122.4000015258789,129.46668815612793,125.06949920654297
2023-01-17,134.37759399414062,131.49000549316406,129.43901100158692,123.7604995727539
2023-01-18,133.65597534179688,128.77999877929688,129.47360877990724,122.6879997253418
2023-01-19,133.71533203125,127.16999816894531,129.61694374084473,121.5529998779297
2023-01-20,136.28538513183594,133.4199981689453,129.8922420501709,121.33399963378906
2023-01-23,139.48817443847656,143.75,130.1719898223877,121.64299926757812
2023-01-24,140.89186096191406,143.88999938964844,130.6810718536377,122.56999931335449
2023-01-25,140.22955322265625,144.42999267578125,131.17532539367676,123.63399887084961
2023-01-26,142.305419921875,160.27000427246094,131.86381950378419,126.1924991607666
2023-01-27,144.25277709960938,177.89999389648438,132.84688911437988,129.45199890136718
2023-01-30,141.3564453125,166.66000366210938,133.5086940765381,131.69399909973146
2023-01-31,142.63162231445312,173.22000122070312,134.21844139099122,134.1959991455078
2023-02-01,143.75851440429688,181.41000366210938,135.22474060058593,137.86149940490722
2023-02-02,149.0865936279297,188.27000427246094,136.43368492126464,141.59299964904784
2023-02-03,152.72425842285156,189.97999572753906,137.89074325561523,145.57499961853028
2023-02-06,149.98611450195312,194.75999450683594,138.98353805541993,149.65999946594238
2023-02-07,152.87255859375,196.80999755859375,140.19445877075196,153.51199951171876
2023-02-08,150.17391967773438,201.2899932861328,141.24178237915038,157.63399925231934
2023-02-09,149.135986328125,207.32000732421875,142.1007942199707,161.83899955749513
2023-02-10,149.5023193359375,196.88999938964844,142.9820770263672,165.50549964904786
2023-02-13,152.31396484375,194.63999938964844,143.9372184753418,169.11749954223632
2023-02-14,151.67042541503906,209.25,144.8018600463867,173.00549926757813
2023-02-15,153.7791748046875,214.24000549316406,145.80802001953126,177.27849960327148
2023-02-16,152.17535400390625,202.0399932861328,146.73102111816405,181.02199935913086
2023-02-17,151.0269317626953,208.30999755859375,147.46809844970704,184.7664993286133
2023-02-21,146.99757385253906,197.3699951171875,147.84356842041015,187.44749908447267
2023-02-22,147.42327880859375,200.86000061035156,148.17013931274414,190.2959991455078
2023-02-23,147.9083709716797,202.07000732421875,148.5540802001953,193.1779998779297
2023-02-24,145.24525451660156,196.8800048828125,148.70107192993163,195.00849990844728
2023-02-27,146.44317626953125,207.6300048828125,148.81059188842772,196.49500045776367
2023-02-28,145.93824768066406,205.7100067138672,149.03968200683593,198.44750061035157
2023-03-01,143.8592071533203,202.77000427246094,149.1010612487793,199.92500076293945
2023-03-02,144.45323181152344,190.89999389648438,149.13579711914062,200.3995002746582
2023-03-03,149.52210998535156,197.7899932861328,149.1575729370117,200.8754997253418
2023-03-06,152.294189453125,193.80999755859375,149.13606948852538,201.06699981689454
2023-03-07,150.08642578125,187.7100067138672,149.14108505249024,200.7145004272461
2023-03-08,151.34375,182.0,149.06464462280275,199.9740005493164
2023-03-09,149.0865020751953,172.9199981689453,149.0102737426758,198.55550079345704
2023-03-10,147.0173797607422,173.44000244140625,148.90434341430665,196.86150054931642
2023-03-13,148.96768188476562,174.47999572753906,148.87761154174805,195.74100036621093
2023-03-14,151.0665283203125,183.25999450683594,148.81523971557618,195.1720001220703
2023-03-15,151.46255493164062,180.4499969482422,148.80484619140626,193.73199996948242
2023-03-16,154.2939910888672,184.1300048828125,148.83058700561523,192.22649993896485
2023-03-17,153.4524688720703,180.1300048828125,148.89444274902343,191.13100051879883
2023-03-20,155.8284912109375,183.25,149.13452072143554,189.87800064086915
2023-03-21,157.68975830078125,197.5800018310547,149.66912994384765,189.8885009765625
2023-03-22,156.25421142578125,191.14999389648438,150.11067657470704,189.40300064086915
2023-03-23,157.34324645996094,192.22000122070312,150.5824203491211,188.91050033569337
2023-03-24,158.65003967285156,190.41000366210938,151.2526596069336,188.5870002746582
2023-03-27,156.69972229003906,191.80999755859375,151.76548690795897,187.79599990844727
2023-03-28,156.0759735107422,189.19000244140625,152.2723731994629,186.96999969482422
2023-03-29,159.16485595703125,193.8800048828125,153.03765563964845,186.5254997253418
2023-03-30,160.739013671875,195.27999877929688,153.85194473266603,186.74449996948243
2023-03-31,163.25360107421875,207.4600067138672,154.53851928710938,187.22800064086914
2023-04-03,164.5109405517578,194.77000427246094,155.14935684204102,187.2760009765625
2023-04-04,163.97634887695312,192.5800018310547,155.84385299682617,187.51950073242188
2023-04-05,162.125,185.52000427246094,156.38291549682617,187.69550094604492
2023-04-06,163.0160369873047,185.05999755859375,157.07939224243165,188.30250091552733
2023-04-10,160.4122772216797,184.50999450683594,157.7491371154785,188.85600051879882
2023-04-11,159.194580078125,186.7899932861328,158.26048202514647,189.47150039672852
2023-04-12,158.50155639648438,180.5399932861328,158.6322334289551,189.33550033569335
2023-04-13,163.9070281982422,185.89999389648438,159.25445709228515,189.60800018310547
2023-04-14,163.56053161621094,185.0,159.71778411865233,189.65149993896483
2023-04-17,163.580322265625,187.0399932861328,160.22417678833008,189.99699935913085
2023-04-18,164.80796813964844,184.30999755859375,160.67315063476562,190.04999923706055
2023-04-19,165.9563751220703,180.58999633789062,161.08648147583008,189.20049896240235
2023-04-20,164.9861602783203,162.99000549316406,161.52307891845703,187.79249954223633
2023-04-21,163.3724365234375,165.0800018310547,161.82453842163085,186.4354995727539
2023-04-24,163.67933654785156,162.5500030517578,162.07600326538085,185.04249954223633
2023-04-25,162.13490295410156,160.6699981689453,162.34776229858397,183.4854995727539
2023-04-26,162.125,153.75,162.65021362304688,181.7134994506836
2023-04-27,166.7285919189453,160.19000244140625,163.02840042114258,180.02899932861328
2023-04-28,167.9858856201172,164.30999755859375,163.3907440185547,178.48049926757812
2023-05-01,167.89682006835938,161.8300018310547,163.6229049682617,176.1989990234375
2023-05-02,166.85726928710938,160.30999755859375,163.7402214050293,174.47599868774415
2023-05-03,165.7781982421875,160.61000061035156,163.830313873291,172.87749862670898
2023-05-04,164.13473510742188,161.1999969482422,163.9308006286621,171.66149826049804
2023-05-05,171.83706665039062,170.05999755859375,164.3718521118164,170.91149826049804
2023-05-08,171.7677764892578,171.7899932861328,164.93962707519532,170.2754981994629
2023-05-09,170.05502319335938,169.14999389648438,165.48264923095704,169.39349822998048
2023-05-10,171.82716369628906,168.5399932861328,166.14892959594727,168.79349822998046
2023-05-11,172.01527404785156,172.0800018310547,166.55434188842773,168.10249862670898
2023-05-12,171.08335876464844,167.97999572753906,166.93048324584962,167.25149841308593
2023-05-15,170.58767700195312,166.35000610351562,167.280850982666,166.21699905395508
2023-05-16,170.58767700195312,166.52000427246094,167.56983642578126,165.32749938964844
2023-05-17,171.20233154296875,173.86000061035156,167.83213424682617,164.9909996032715
2023-05-18,173.54200744628906,176.88999938964844,168.25992660522462,165.6859992980957
2023-05-19,173.65106201171875,180.13999938964844,168.77385787963868,166.4389991760254
2023-05-22,172.69931030273438,188.8699951171875,169.2248565673828,167.75499877929687
2023-05-23,170.08204650878906,185.77000427246094,169.6222137451172,169.00999908447267
2023-05-24,170.35964965820312,182.89999389648438,170.03394622802733,170.46749877929688
2023-05-25,171.49974060058594,184.47000122070312,170.2725036621094,171.6814987182617
2023-05-26,173.91871643066406,193.1699981689453,170.56914520263672,173.1244987487793
2023-05-30,175.77261352539062,201.16000366210938,170.9629348754883,175.09099884033202
2023-05-31,175.72305297851562,203.92999267578125,171.4062240600586,177.2719985961914
2023-06-01,178.53857421875,207.52000427246094,172.04424285888672,179.61749877929688
2023-06-02,179.3911590576172,213.97000122070312,172.80706405639648,182.25599899291993
2023-06-05,178.03298950195312,217.61000061035156,173.11686019897462,184.6334991455078
2023-06-06,177.66616821289062,221.30999755859375,173.41177978515626,187.10949935913087
2023-06-07,176.28814697265625,224.57000732421875,173.7234359741211,189.88050003051757
2023-06-08,179.0144500732422,234.86000061035156,174.08280029296876,193.1965003967285
2023-06-09,179.40109252929688,244.39999389648438,174.45209121704102,196.8125
2023-06-12,182.2067108154297,249.8300018310547,175.00825881958008,200.90500030517578
2023-06-13,181.7308349609375,258.7099914550781,175.5654167175293,205.52299957275392
2023-06-14,182.36534118652344,256.7900085449219,176.1542999267578,210.03649978637696
2023-06-15,184.4075927734375,255.89999389648438,176.81456298828124,214.13849945068358
2023-06-16,183.3269805908203,260.5400085449219,177.3038116455078,218.32099990844728
2023-06-20,183.41619873046875,274.45001220703125,177.7920684814453,223.0365005493164
2023-06-21,182.375244140625,259.4599914550781,178.27586517333984,226.56600036621094
2023-06-22,185.38906860351562,264.6099853515625,179.04121627807618,230.50799942016602
2023-06-23,185.0718231201172,256.6000061035156,179.77682495117188,234.19300003051757
2023-06-26,183.67396545410156,241.0500030517578,180.38553619384766,237.02200012207032
2023-06-27,186.43991088867188,250.2100067138672,181.01159591674804,239.8740005493164
2023-06-28,187.6196746826172,256.239990234375,181.60394897460938,242.62799987792968
2023-06-29,187.95672607421875,257.5,182.21563262939452,245.30650024414064
2023-06-30,192.2990264892578,261.7699890136719,182.9036552429199,248.01899948120118
2023-07-03,190.8020477294922,279.82000732421875,183.47419967651368,251.31149978637694
2023-07-05,189.68174743652344,282.4800109863281,184.0566375732422,254.55500030517578
2023-07-06,190.15762329101562,276.5400085449219,184.68121032714845,257.3165008544922
2023-07-07,189.03732299804688,274.42999267578125,185.31866912841798,259.8095001220703
2023-07-10,186.98519897460938,269.6099853515625,185.71720657348632,261.54699935913084
2023-07-11,186.4597625732422,269.7900085449219,186.07014007568358,262.8165000915527
2023-07-12,188.13519287109375,271.989990234375,186.3665641784668,263.92449951171875
2023-07-13,188.89854431152344,277.8999938964844,186.7249496459961,264.8839996337891
2023-07-14,189.0472869873047,281.3800048828125,187.05904693603514,266.1134994506836
2023-07-17,192.31883239746094,290.3800048828125,187.45460891723633,267.8375
2023-07-18,192.0610809326172,293.3399963378906,187.89131393432618,269.4774993896484
2023-07-19,193.4192657470703,291.260009765625,188.39146728515624,270.3179992675781
2023-07-20,191.46624755859375,262.8999938964844,188.84601745605468,270.48999938964846
2023-07-21,190.28648376464844,260.0199890136719,189.09088821411132,270.26049957275393
2023-07-24,191.0895233154297,269.05999755859375,189.39177322387695,270.8834991455078
2023-07-25,191.95201110839844,265.2799987792969,189.8056755065918,272.0949989318848
2023-07-26,192.82444763183594,264.3500061035156,190.12490234375,272.8019989013672
2023-07-27,191.5554656982422,255.7100067138672,190.32169189453126,272.7754997253418
2023-07-28,194.1429901123047,266.44000244140625,190.63100509643556,273.2224998474121
2023-07-31,194.75762939453125,267.42999267578125,190.75393524169922,273.50550003051757
2023-08-01,193.92489624023438,261.07000732421875,190.91007766723632,272.56800003051757
2023-08-02,190.9209747314453,254.11000061035156,190.97203903198243,271.1494995117188
2023-08-03,189.52313232421875,259.32000732421875,190.94031448364257,270.2884994506836
2023-08-04,180.42221069335938,253.86000061035156,190.5095588684082,269.25999984741213
2023-08-07,177.3092498779297,251.4499969482422,190.02576141357423,268.3520004272461
2023-08-08,178.25106811523438,249.6999969482422,189.61532669067384,267.3474998474121
2023-08-09,176.6549530029297,242.19000244140625,189.04131469726562,265.85750045776365
2023-08-10,176.4368438720703,245.33999633789062,188.41822967529296,264.229500579834
2023-08-11,176.49639892578125,242.64999389648438,187.7906852722168,262.2930000305176
2023-08-14,178.15426635742188,239.75999450683594,187.08245697021485,259.7619995117187
2023-08-15,176.1588897705078,232.9600067138672,186.28734741210937,256.7430000305176
2023-08-16,175.28529357910156,225.60000610351562,185.38064880371093,253.45999984741212
2023-08-17,172.73399353027344,219.22000122070312,184.44403610229492,251.27600021362304
2023-08-18,173.2204132080078,215.49000549316406,183.5907325744629,249.04950103759765
2023-08-21,174.5605926513672,231.27999877929688,182.76428604125977,247.1605010986328
2023-08-22,175.94049072265625,233.19000244140625,181.96371002197264,245.55600128173828
2023-08-23,179.80218505859375,236.86000061035156,181.31259689331054,244.18150100708007
2023-08-24,175.0966796875,230.0399932861328,180.48965759277343,242.89800033569335
2023-08-25,177.31044006347656,238.58999633789062,179.64803009033204,241.50550003051757
2023-08-28,178.8789520263672,238.82000732421875,178.85409622192384,240.07500076293945
2023-08-29,182.7803497314453,257.17999267578125,178.29686889648437,239.88050003051757
2023-08-30,186.28468322753906,256.8999938964844,178.06505432128907,240.0199996948242
2023-08-31,186.50306701660156,258.0799865722656,177.9140510559082,239.95799865722657
2023-09-01,188.0814971923828,245.00999450683594,178.29701538085936,239.51549835205077
2023-09-05,188.3197479248047,256.489990234375,178.84754028320313,239.76749801635742
2023-09-06,181.57916259765625,251.9199981689453,179.01394500732422,239.87849807739258
2023-09-07,176.26809692382812,251.49000549316406,178.99460220336914,240.34349822998047
2023-09-08,176.88356018066406,248.5,179.01693801879884,240.50149841308593
2023-09-11,178.0549774169922,273.5799865722656,179.09486694335936,242.047998046875
2023-09-12,175.0172882080078,267.4800109863281,178.93801803588866,243.43399887084962
2023-09-13,172.94244384765625,271.29998779296875,178.7771957397461,245.3509979248047
2023-09-14,174.46133422851562,276.0400085449219,178.7359977722168,247.872998046875
2023-09-15,173.73663330078125,274.3900146484375,178.7861297607422,250.63149871826172
2023-09-18,176.67507934570312,265.2799987792969,178.95886306762696,253.12099838256836
2023-09-19,177.76710510253906,266.5,179.11918869018555,254.88199844360352
2023-09-20,174.21315002441406,262.5899963378906,179.03282165527344,256.35199813842775
2023-09-21,172.66448974609375,255.6999969482422,178.67593688964843,257.29399795532225
2023-09-22,173.51824951171875,244.8800048828125,178.59701538085938,258.03599853515624
2023-09-25,174.79884338378906,246.99000549316406,178.471435546875,258.45599899291994
2023-09-26,170.7088623046875,244.1199951171875,178.06293106079102,258.7209983825684
2023-09-27,169.18994140625,240.5,177.38341064453124,257.8869987487793
2023-09-28,169.44808959960938,246.3800048828125,176.54158096313478,257.3609992980957
2023-09-29,169.9642791748047,250.22000122070312,175.71464157104492,256.9680000305176
2023-10-02,172.4857940673828,251.60000610351562,174.93485641479492,257.29750061035156
2023-10-03,171.14561462402344,246.52999877929688,174.07614974975587,256.7995010375977
2023-10-04,172.396484375,261.1600036621094,173.61701583862305,257.26150131225586
2023-10-05,173.6373748779297,260.04998779296875,173.48547973632813,257.6895004272461
2023-10-06,176.1986083984375,260.5299987792969,173.45123214721679,258.29100036621094
2023-10-09,177.68768310546875,259.6700134277344,173.43286743164063,257.5955017089844
2023-10-10,177.092041015625,263.6199951171875,173.53660507202147,257.40250091552736
2023-10-11,178.49180603027344,262.989990234375,173.81407318115234,256.9870010375977
2023-10-12,179.3951873779297,258.8699951171875,174.06076583862304,256.1285003662109
2023-10-13,177.54872131347656,251.1199951171875,174.25137023925782,254.96499938964843
2023-10-16,177.41964721679688,253.9199981689453,174.2885986328125,254.39699935913086
2023-10-17,175.86106872558594,254.85000610351562,174.19329681396485,253.81449966430665
2023-10-18,174.5605926513672,242.67999267578125,174.2106689453125,252.81899948120116
2023-10-19,174.18338012695312,220.11000061035156,174.28661346435547,251.03949966430665
2023-10-20,171.62216186523438,211.99000549316406,174.19180908203126,249.3949996948242
2023-10-23,171.7412567138672,212.0800018310547,174.03892974853517,247.64949951171874
2023-10-24,172.17807006835938,216.52000427246094,174.11239013671874,246.2694999694824
2023-10-25,169.85511779785156,212.4199981689453,174.14564895629883,244.8654998779297
2023-10-26,165.67572021484375,205.75999450683594,173.95703048706054,242.83449935913086
2023-10-27,166.9960479736328,207.3000030517578,173.80861892700196,240.6884994506836
2023-10-30,169.05096435546875,197.36000061035156,173.63687744140626,237.97649917602538
2023-10-31,169.5275115966797,200.83999633789062,173.55597229003905,235.69199905395507
2023-11-01,172.70420837402344,205.66000366210938,173.57135848999025,232.91699905395507
2023-11-02,176.27804565429688,218.50999450683594,173.7033920288086,230.83999938964843
2023-11-03,175.3647003173828,219.9600067138672,173.66169662475585,228.81149978637694
2023-11-06,177.92593383789062,219.27000427246094,173.67360916137696,226.79149932861327
2023-11-07,180.49710083007812,222.17999267578125,173.8438621520996,224.71949920654296
2023-11-08,181.55929565429688,222.11000061035156,173.9972366333008,222.6754997253418
2023-11-09,181.08282470703125,209.97999572753906,174.08161849975585,220.2309997558594
2023-11-10,185.2875518798828,214.64999389648438,174.46856002807618,218.40749969482422
2023-11-13,183.69711303710938,223.7100067138672,174.7824333190918,216.89700012207032
2023-11-14,186.32135009765625,237.41000366210938,175.30544738769532,216.025
2023-11-15,186.88795471191406,242.83999633789062,175.92181549072265,216.03300018310546
2023-11-16,188.5778045654297,233.58999633789062,176.64153671264648,216.7069999694824
2023-11-17,188.55792236328125,234.3000030517578,177.48832473754882,217.8224998474121
2023-11-20,190.3074188232422,235.60000610351562,178.41663284301757,218.99850006103514
2023-11-21,189.5022430419922,241.1999969482422,179.28284149169923,220.2324996948242
2023-11-22,190.16824340820312,234.2100067138672,180.2984977722168,221.3220001220703
2023-11-24,188.83624267578125,235.4499969482422,181.45652389526367,222.80650024414064
2023-11-27,188.65731811523438,236.0800018310547,182.53958740234376,224.24550018310546
2023-11-28,189.263671875,246.72000122070312,183.55022277832032,226.71350021362304
2023-11-29,188.2398223876953,244.13999938964844,184.4858383178711,228.87850036621094
2023-11-30,188.8163604736328,240.0800018310547,185.29144592285155,230.5995002746582
2023-12-01,190.09866333007812,238.8300018310547,185.98247680664062,231.61550064086913
2023-12-04,188.29945373535156,235.5800018310547,186.62921447753905,232.39650039672853
2023-12-05,192.26564025878906,238.72000122070312,187.346199798584,233.36900024414064
2023-12-06,191.17222595214844,239.3699951171875,187.8799560546875,234.22850036621094
2023-12-07,193.11056518554688,242.63999938964844,188.45751953125,235.25500030517577
2023-12-08,194.54197692871094,243.83999633789062,189.13047714233397,236.94800033569337
2023-12-11,192.027099609375,239.74000549316406,189.4674545288086,238.20250091552734
2023-12-12,193.5479736328125,237.00999450683594,189.95999755859376,238.86750030517578
2023-12-13,196.778564453125,239.2899932861328,190.48285827636718,238.96149978637695
2023-12-14,196.92767333984375,251.0500030517578,190.98484420776367,239.37200012207032
2023-12-15,196.39089965820312,253.5,191.37549896240233,240.36750030517578
2023-12-18,194.72091674804688,252.0800018310547,191.68364868164062,241.25650024414062
2023-12-19,195.7646484375,257.2200012207031,191.9565101623535,242.3375
2023-12-20,193.66725158691406,247.13999938964844,192.1647605895996,242.6345001220703
2023-12-21,193.51812744140625,254.5,192.33225479125977,243.64899978637695
2023-12-22,192.444580078125,252.5399932861328,192.51267166137694,244.50349960327148
2023-12-26,191.89785766601562,256.6099853515625,192.67469863891603,245.52999877929688
2023-12-27,191.9972686767578,261.44000244140625,192.8113784790039,246.26599884033203
2023-12-28,192.42469787597656,253.17999267578125,193.02062225341797,246.71799850463867
2023-12-29,191.38096618652344,248.47999572753906,193.1488525390625,247.13799819946288
